country,state,city,station,last_update,latitude,longitude,pollutant_id,pollutant_min,pollutant_max,pollutant_avg
India,Bihar,Patna,"DRM Office Danapur, Patna - BSPCB","07-01-2025 17:00:00",25.586562,85.043586,OZONE,4,16,11
India,Chhattisgarh,Kunjemura,"OP Jindal School, Kunjemura - CECB","07-01-2025 17:00:00",22.126650,83.483212,OZONE,3,4,3
India,Arunachal_Pradesh,Naharlagun,"Naharlagun, Naharlagun - APSPCB","07-01-2025 17:00:00",27.103358,93.679645,OZONE,3,3,3
India,Assam,Guwahati,"LGBI Airport, Guwahati - PCBA","07-01-2025 17:00:00",26.10887,91.589544,OZONE,16,22,19
India,Chhattisgarh,Bhilai,"32Bungalows, Bhilai - CECB","07-01-2025 17:00:00",21.194815,81.314770,OZONE,1,77,65
India,Chhattisgarh,Bhilai,"Hathkhoj, Bhilai - CECB","07-01-2025 17:00:00",21.224231,81.408350,OZONE,4,39,34
India,Bihar,Hajipur,"Industrial Area, Hajipur - BSPCB","07-01-2025 17:00:00",25.697189,85.245900,OZONE,5,15,9
India,Bihar,Manguraha,"Forest Rest House, Manguraha - BSPCB","07-01-2025 17:00:00",27.308328,84.531742,OZONE,9,10,10
India,Assam,Nagaon,"Christianpatty, Nagaon - PCBA","07-01-2025 17:00:00",26.349082,92.68449,OZONE,4,36,10
India,Andhra_Pradesh,Anantapur,"Gulzarpet, Anantapur - APPCB","07-01-2025 17:00:00",14.675886,77.593027,OZONE,16,54,43
India,Bihar,Muzaffarpur,"Muzaffarpur Collectorate, Muzaffarpur - BSPCB","07-01-2025 17:00:00",26.1209,85.3647,OZONE,10,29,19
India,Chhattisgarh,Chhal,"Nawapara SECL Colony, Chhal - CECB","07-01-2025 17:00:00",22.118125,83.140608,OZONE,17,70,45
India,Delhi,Delhi,"Alipur, Delhi - DPCC","07-01-2025 17:00:00",28.815329,77.153010,OZONE,20,50,45
India,Gujarat,Ahmedabad,"SVPI Airport Hansol, Ahmedabad - IITM","07-01-2025 17:00:00",23.076793,72.627874,OZONE,24,58,46
India,Gujarat,Ahmedabad,"Sardar Vallabhbhai Patel Stadium, Ahmedabad - IITM","07-01-2025 17:00:00",23.043070,72.562968,OZONE,15,36,29
India,Gujarat,Ahmedabad,"Maninagar, Ahmedabad - GPCB","07-01-2025 17:00:00",23.002657,72.591912,OZONE,9,29,25
India,Gujarat,Ahmedabad,"Raikhad, Ahmedabad - IITM","07-01-2025 17:00:00",23.020509,72.579261,OZONE,21,77,60
India,Delhi,Delhi,"Shadipur, Delhi - CPCB","07-01-2025 17:00:00",28.6514781,77.1473105,OZONE,8,16,12
India,Delhi,Delhi,"Sonia Vihar, Delhi - DPCC","07-01-2025 17:00:00",28.710508,77.249485,OZONE,17,48,40
India,Gujarat,Gandhinagar,"GIFT City, Gandhinagar - IITM","07-01-2025 17:00:00",23.163798,72.677768,OZONE,11,35,28
India,Delhi,Delhi,"Nehru Nagar, Delhi - DPCC","07-01-2025 17:00:00",28.567890,77.250515,OZONE,14,72,51
India,Delhi,Delhi,"Jahangirpuri, Delhi - DPCC","07-01-2025 17:00:00",28.732820,77.170633,OZONE,6,25,16
India,Delhi,Delhi,"DTU, Delhi - CPCB","07-01-2025 17:00:00",28.7500499,77.1112615,OZONE,38,40,39
India,Chhattisgarh,Raipur,"Siltara Phase-II, Raipur - CECB","07-01-2025 17:00:00",21.371751,81.664929,OZONE,3,3,3
India,Haryana,Gurugram,"Sector-51, Gurugram - HSPCB","07-01-2025 17:00:00",28.4227,77.0667,OZONE,10,46,41
India,Haryana,Panchkula,"Sector-6, Panchkula - HSPCB ","07-01-2025 17:00:00",30.7057778,76.8531805555555,OZONE,19,23,21
India,Karnataka,Koppal,"Diwator Nagar, Koppal - KSPCB","07-01-2025 17:00:00",15.347630,76.181767,OZONE,2,76,48
India,Karnataka,Bengaluru,"Shivapura_Peenya, Bengaluru - KSPCB","07-01-2025 17:00:00",13.0246342,77.5080115,OZONE,25,26,26
India,Karnataka,Bengaluru,"Silk Board, Bengaluru - KSPCB","07-01-2025 17:00:00",12.917348,77.622813,OZONE,18,22,21
India,Karnataka,Karwar,"KHB Colony, Karwar - KSPCB","07-01-2025 17:00:00",14.816666,74.141003,CO,8,9,9
India,Haryana,Faridabad,"New Industrial Town, Faridabad - HSPCB","07-01-2025 17:00:00",28.39072,77.30059,OZONE,30,320,71
India,Karnataka,Chikkamagaluru,"Kalyana Nagara, Chikkamagaluru - KSPCB","07-01-2025 17:00:00",13.328028,75.797056,OZONE,11,51,33
India,Karnataka,Belgaum,"Ramteerth Nagar, Belgaum - KSPCB","07-01-2025 17:00:00",15.888653,74.541751,OZONE,19,20,19
India,Karnataka,Hassan,"B.Katihalli, Hassan - KSPCB","07-01-2025 17:00:00",13.008556,76.125258,OZONE,1,2,2
India,Karnataka,Shivamogga,"Vinoba Nagara, Shivamogga - KSPCB","07-01-2025 17:00:00",13.940000,75.555917,OZONE,14,77,61
India,"Madhya Pradesh",Ratlam,"Shasthri Nagar, Ratlam - IPCA Lab","07-01-2025 17:00:00",23.331731,75.045981,SO2,15,16,15
India,"Madhya Pradesh",Sagar,"Deen Dayal Nagar, Sagar - MPPCB","07-01-2025 17:00:00",23.8640158,78.80289321,CO,23,33,28
India,"Madhya Pradesh",Singrauli,"Suryakiran Bhawan NCL, Singrauli - MPPCB","07-01-2025 17:00:00",24.108970,82.645580,OZONE,6,55,40
India,"Madhya Pradesh",Gwalior,"Deen Dayal Nagar, Gwalior - MPPCB","07-01-2025 17:00:00",26.259242,78.216432,OZONE,30,88,71
India,Maharashtra,Mumbai,"Byculla, Mumbai - BMC","07-01-2025 17:00:00",18.9767,72.8380,OZONE,2,145,98
India,Maharashtra,Mumbai,"Chembur, Mumbai - MPCB","07-01-2025 17:00:00",19.0364585,72.8954371,OZONE,6,163,102
India,Maharashtra,Mumbai,"Chhatrapati Shivaji Intl. Airport (T2), Mumbai - MPCB","07-01-2025 17:00:00",19.10078,72.87462,OZONE,7,8,7
India,Maharashtra,Mumbai,"Deonar, Mumbai - IITM","07-01-2025 17:00:00",19.04946,72.9230,OZONE,76,76,76
India,Maharashtra,Mumbai,"Ghatkopar, Mumbai - BMC","07-01-2025 17:00:00",19.083694,72.920967,OZONE,15,291,251
India,"Madhya Pradesh",Bhopal,"Idgah Hills, Bhopal - MPPCB","07-01-2025 17:00:00",23.264759,77.381568,OZONE,43,111,90
India,"Madhya Pradesh",Jabalpur,"Marhatal, Jabalpur - MPPCB","07-01-2025 17:00:00",23.168606,79.932247,OZONE,14,64,48
India,Kerala,Kollam,"Polayathode, Kollam - Kerala PCB","07-01-2025 17:00:00",8.8787,76.6073,OZONE,29,37,35
India,"Madhya Pradesh",Gwalior,"City Center, Gwalior - MPPCB","07-01-2025 17:00:00",26.203442,78.193251,OZONE,22,33,30
India,Odisha,Byasanagar,"Ferro Chrome Colony, Byasanagar - OSPCB","07-01-2025 17:00:00",20.94185,86.11510,OZONE,7,178,174
India,Maharashtra,Mumbai,"Shivaji Nagar, Mumbai - BMC","07-01-2025 17:00:00",19.060498,72.923356,OZONE,8,134,89
India,Maharashtra,Mumbai,"Siddharth Nagar-Worli, Mumbai - IITM","07-01-2025 17:00:00",19.000083,72.813993,OZONE,7,87,58
India,Punjab,Jalandhar,"Civil Line, Jalandhar - PPCB","07-01-2025 17:00:00",31.321907,75.578914,OZONE,29,58,41
India,Maharashtra,Pimpri-Chinchwad,"Thergaon, Pimpri Chinchwad - MPCB","07-01-2025 17:00:00",18.616318,73.765797,OZONE,41,67,65
India,Maharashtra,Pune,"Hadapsar, Pune - IITM","07-01-2025 17:00:00",18.501793,73.927532,OZONE,14,36,26
India,Manipur,Imphal,"DM College of Science, Imphal - Manipur PCB","07-01-2025 17:00:00",24.8207389,93.9423085,CO,6,6,6
India,Maharashtra,"Navi Mumbai","Sector-2E Kalamboli, Navi Mumbai - MPCB","07-01-2025 17:00:00",19.02579,73.10297,OZONE,1,100,63
India,Odisha,Rourkela,"Raghunathpali, Rourkela - OSPCB","07-01-2025 17:00:00",22.220833,84.809444,OZONE,3,84,55
India,Maharashtra,Mumbai,"Mulund West, Mumbai - MPCB","07-01-2025 17:00:00",19.1750,72.9419,OZONE,18,19,18
India,Maharashtra,Mumbai,"Powai, Mumbai - MPCB","07-01-2025 17:00:00",19.137500,72.915056,OZONE,9,9,9
India,Rajasthan,Kota,"Nayapura, Kota - RSPCB","07-01-2025 17:00:00",25.196024,75.855668,OZONE,12,96,74
India,Punjab,Khanna,"Kalal Majra, Khanna - PPCB","07-01-2025 17:00:00","30.736056 ",76.209694,OZONE,13,20,15
India,Punjab,"Mandi Gobindgarh","RIMT University, Mandi Gobindgarh - PPCB","07-01-2025 17:00:00",30.649961,76.331442,OZONE,35,41,37
India,Rajasthan,Jodhpur,"Mandor, Jodhpur - RSPCB","07-01-2025 17:00:00",26.358805,73.047444,OZONE,41,131,107
India,Rajasthan,Jodhpur,"Samrat Ashok Udhyan, Jodhpur - RSPCB","07-01-2025 17:00:00",26.253384,72.976571,OZONE,59,146,124
India,Rajasthan,Kota,"Dhanmandi, Kota - RSPCB","07-01-2025 17:00:00",25.164090,75.858137,OZONE,6,87,64
India,Rajasthan,"Sri Ganganagar","Old City, Sri Ganganagar - RSPCB","07-01-2025 17:00:00",29.931624,73.864511,OZONE,13,69,45
India,Rajasthan,Jaipur,"Adarsh Nagar, Jaipur - RSPCB","07-01-2025 17:00:00",26.902909,75.836858,OZONE,13,49,37
India,Rajasthan,Jhalawar,"Rajlaxmi Nagar, Jhalawar - RSPCB","07-01-2025 17:00:00",24.588397,76.172782,OZONE,19,96,64
India,Rajasthan,Ajmer,"Civil Lines,  Ajmer - RSPCB","07-01-2025 17:00:00",26.470859,74.646594,OZONE,15,30,18
India,Rajasthan,Churu,"Subash Chowk, Churu - RSPCB","07-01-2025 17:00:00",28.296139,74.961696,OZONE,46,133,100
India,Rajasthan,Jodhpur,"Digari Kalan, Jodhpur - RSPCB","07-01-2025 17:00:00",26.295810,73.082283,OZONE,14,68,56
India,TamilNadu,Thanjavur,"Parisutham Nagar, Thanjavur - TNPCB","07-01-2025 17:00:00",10.7654824,79.1389968,OZONE,7,27,14
India,TamilNadu,Tiruchirappalli,"St Joseph College, Tiruchirappalli - TNPCB","07-01-2025 17:00:00",10.830158,78.691849,CO,12,13,12
India,TamilNadu,Tirunelveli,"Municipal Corporation Office, Tirunelveli - TNPCB","07-01-2025 17:00:00",8.728442,77.6962,OZONE,6,7,6
India,Telangana,Hyderabad,"Kokapet, Hyderabad - TSPCB","07-01-2025 17:00:00",17.393559,78.339194,OZONE,1,35,24
India,Telangana,Hyderabad,"Nacharam_TSIIC IALA, Hyderabad - TSPCB","07-01-2025 17:00:00",17.429398,78.569354,OZONE,16,36,23
India,TamilNadu,Chennai,"Arumbakkam, Chennai - TNPCB","07-01-2025 17:00:00",13.0664,"80.2112 ",SO2,6,60,21
India,TamilNadu,Gummidipoondi,"Anthoni Pillai Nagar, Gummidipoondi - TNPCB","07-01-2025 17:00:00",13.4127,80.1081,SO2,1,86,26
India,TamilNadu,Chennai,"Perungudi, Chennai - TNPCB","07-01-2025 17:00:00",12.9533,80.2357,OZONE,10,16,12
India,Telangana,Hyderabad,"ECIL Kapra, Hyderabad - TSPCB","07-01-2025 17:00:00",17.470431,78.566959,OZONE,28,34,32
India,TamilNadu,Chengalpattu,"Crescent University, Chengalpattu - TNPCB","07-01-2025 17:00:00",12.8777316,80.0834807,OZONE,6,6,6
India,Telangana,Hyderabad,"IDA Pashamylaram, Hyderabad - TSPCB","07-01-2025 17:00:00",17.5316895,78.218939,OZONE,7,31,26
India,TamilNadu,Ranipet,"VOC Nagar_SIPCOT, Ranipet - TNPCB","07-01-2025 17:00:00",12.952707,79.30394,OZONE,1,1,1
India,Uttar_Pradesh,Kanpur,"FTI Kidwai Nagar, Kanpur - UPPCB","07-01-2025 17:00:00",26.428282,80.327067,OZONE,11,13,11
India,Uttar_Pradesh,Kanpur,"Nehru Nagar, Kanpur - UPPCB","07-01-2025 17:00:00",26.4703136,80.3229863,OZONE,6,26,22
India,Uttar_Pradesh,Agra,"Sector-3B Avas Vikas Colony, Agra - UPPCB","07-01-2025 17:00:00",27.19412,77.96237,OZONE,6,52,28
India,Uttar_Pradesh,Agra,"Shastripuram, Agra - UPPCB","07-01-2025 17:00:00",27.19862,77.92066,OZONE,1,6,3
India,Uttar_Pradesh,Firozabad,"Vibhab Nagar, Firozabad - UPPCB","07-01-2025 17:00:00",27.1594,78.3953,OZONE,14,17,15
India,Uttar_Pradesh,Ghaziabad,"Indirapuram, Ghaziabad - UPPCB","07-01-2025 17:00:00",28.646233,77.358075,OZONE,2,7,6
India,Uttar_Pradesh,Ghaziabad,"Vasundhara, Ghaziabad - UPPCB","07-01-2025 17:00:00",28.6603346,77.3572563,OZONE,4,14,10
India,Uttar_Pradesh,Lucknow,"Lalbagh, Lucknow - CPCB","07-01-2025 17:00:00",26.8458805,80.9365541,OZONE,9,23,13
India,Uttar_Pradesh,Bareilly,"Civil Lines, Bareilly - UPPCB","07-01-2025 17:00:00",28.359581,79.414455,OZONE,13,17,15
India,Telangana,Hyderabad,"Somajiguda, Hyderabad - TSPCB","07-01-2025 17:00:00",17.417094,78.457437,OZONE,18,63,45
India,Uttar_Pradesh,Moradabad,"Buddhi Vihar, Moradabad - UPPCB","07-01-2025 17:00:00",28.83526,78.74460,OZONE,6,10,8
India,Uttar_Pradesh,Jhansi,"Shivaji Nagar, Jhansi - UPPCB","07-01-2025 17:00:00",25.4547,78.6039,OZONE,1,7,4
India,West_Bengal,Asansol,"Mahabir Colliery, Asansol - WBPCB","07-01-2025 17:00:00",23.6181830,87.1057180,OZONE,7,75,45
India,Uttar_Pradesh,Varanasi,"Maldahiya, Varanasi - UPPCB","07-01-2025 17:00:00",25.32393,82.99687,OZONE,1,2,2
India,West_Bengal,Howrah,"Botanical Garden, Howrah - WBPCB","07-01-2025 17:00:00",22.554954,88.292568,OZONE,4,80,59
India,West_Bengal,Durgapur,"Sidhu Kanhu Indoor Stadium, Durgapur - WBPCB","07-01-2025 17:00:00",23.5404352,87.2892225,OZONE,2,74,35
India,West_Bengal,Haldia,"Priyambada Housing Estate, Haldia - WBPCB","07-01-2025 17:00:00",22.06047,88.109737,OZONE,20,40,28
India,West_Bengal,Kolkata,"Bidhannagar, Kolkata - WBPCB","07-01-2025 17:00:00",22.58157048,88.41002457,OZONE,16,96,49
India,West_Bengal,Kolkata,"Fort William, Kolkata - WBPCB","07-01-2025 17:00:00",22.556640,88.342674,OZONE,24,70,54
India,West_Bengal,Siliguri,"Ward-32 Bapupara, Siliguri - WBPCB","07-01-2025 17:00:00",26.6879226,88.4152495,OZONE,14,19,17
India,West_Bengal,Kolkata,"Rabindra Sarobar, Kolkata - WBPCB","07-01-2025 17:00:00",22.51106,88.35142,OZONE,6,76,50
India,Uttar_Pradesh,Noida,"Sector - 125, Noida - UPPCB","07-01-2025 17:00:00",28.5447608,77.3231257,OZONE,4,33,22
India,Uttarakhand,Kashipur,"Govt. Girls Inter College, Kashipur - UKPCB","07-01-2025 17:00:00",29.2124114,78.9611753,OZONE,3,4,3
India,Chandigarh,Chandigarh,"Sector-53, Chandigarh - CPCC","07-01-2025 17:00:00",30.719859,76.738637,OZONE,8,35,22
India,Assam,Guwahati,"Pan Bazaar, Guwahati - PCBA","07-01-2025 17:00:00",26.187500,91.744194,OZONE,16,17,17
India,Bihar,Patna,"IGSC Planetarium Complex, Patna - BSPCB","07-01-2025 17:00:00",25.610369,85.132568,OZONE,23,24,24
India,Bihar,"Bihar Sharif","D M Colony, Bihar Sharif - BSPCB","07-01-2025 17:00:00",25.204762,85.514960,OZONE,23,45,34
India,Bihar,Gaya,"Collectorate, Gaya - BSPCB","07-01-2025 17:00:00",24.7955,84.9994,OZONE,19,21,20
India,Andhra_Pradesh,Chittoor,"Gangineni Cheruvu, Chittoor - APPCB","07-01-2025 17:00:00",13.204880,79.097889,OZONE,22,44,33
India,Andhra_Pradesh,Rajamahendravaram,"Anand Kala Kshetram, Rajamahendravaram - APPCB","07-01-2025 17:00:00",16.9872867,81.7363176,OZONE,1,6,3
India,Chhattisgarh,Milupara,"Govt. Higher Secondary School, Milupara - CECB","07-01-2025 17:00:00",22.1910172,83.5197009,OZONE,1,66,48
India,Chhattisgarh,Raipur,"AIIMS, Raipur - CECB","07-01-2025 17:00:00",21.258815,81.578979,OZONE,1,5,3
India,Bihar,Bettiah,"Kamalnath Nagar, Bettiah - BSPCB","07-01-2025 17:00:00",26.80365,84.51954,OZONE,22,23,22
India,Bihar,Arrah,"New DM Office, Arrah - BSPCB","07-01-2025 17:00:00",25.5626095,84.663264,OZONE,1,17,8
India,Delhi,Delhi,"Bawana, Delhi - DPCC","07-01-2025 17:00:00",28.776200,77.051074,OZONE,21,56,46
India,Assam,Byrnihat,"Central Academy for SFS, Byrnihat - PCBA","07-01-2025 17:00:00",26.071318,91.87488,OZONE,21,138,54
India,Delhi,Delhi,"ITO, Delhi - CPCB","07-01-2025 17:00:00",28.628624,77.241060,OZONE,13,20,17
India,Delhi,Delhi,"Lodhi Road, Delhi - IITM","07-01-2025 17:00:00",28.588333,77.221667,SO2,23,32,27
India,Delhi,Delhi,"Pusa, Delhi - DPCC","07-01-2025 17:00:00",28.639652,77.146275,OZONE,6,12,9
India,Gujarat,Gandhinagar,"IIPHG Lekawada, Gandhinagar - IITM","07-01-2025 17:00:00",23.243639,72.68994,OZONE,4,92,72
India,Gujarat,Gandhinagar,"Sector-10, Gandhinagar - GPCB","07-01-2025 17:00:00",23.221714,72.654328,OZONE,4,29,20
India,Haryana,Gurugram,"Vikas Sadan, Gurugram - HSPCB","07-01-2025 17:00:00",28.4501238,77.0263051,OZONE,8,55,42
India,Gujarat,Ahmedabad,"SAC ISRO Bopal, Ahmedabad - IITM","07-01-2025 17:00:00",23.041137,72.456691,OZONE,24,46,40
India,Karnataka,Bengaluru,"Kasturi Nagar, Bengaluru - KSPCB","07-01-2025 17:00:00",13.003872,77.664217,OZONE,29,29,29
India,Gujarat,Ahmedabad,"Chandkheda, Ahmedabad - IITM","07-01-2025 17:00:00",23.107969,72.574648,OZONE,20,77,63
India,Delhi,Delhi,"Mundka, Delhi - DPCC","07-01-2025 17:00:00",28.684678,77.076574,OZONE,22,44,38
India,Delhi,Delhi,"Patparganj, Delhi - DPCC","07-01-2025 17:00:00",28.623763,77.287209,OZONE,3,47,37
India,Karnataka,Bengaluru,"Sanegurava Halli, Bengaluru - KSPCB","07-01-2025 17:00:00",12.990328,77.5431385,CO,26,49,36
India,"Madhya Pradesh",Indore,"Vijay Nagar Scheme-78, Indore - Glenmark","07-01-2025 17:00:00",22.76726,75.88710,SO2,27,30,28
India,Karnataka,Hubballi,"Deshpande Nagar, Hubballi - KSPCB","07-01-2025 17:00:00",15.351773,75.140726,OZONE,8,8,8
India,Karnataka,Hubballi,"Lingaraj Nagar, Hubballi - KSPCB","07-01-2025 17:00:00",15.3714823,75.1160168,OZONE,9,50,39
India,Karnataka,Kalaburagi,"Lal Bahadur Shastri Nagar, Kalaburagi - KSPCB","07-01-2025 17:00:00",17.321993,76.822628,OZONE,23,71,62
India,"Madhya Pradesh",Dewas,"Bhopal Chauraha, Dewas - MPPCB","07-01-2025 17:00:00",22.9682591,76.064118,OZONE,17,122,34
India,"Madhya Pradesh",Damoh,"Shrivastav Colony, Damoh - MPPCB","07-01-2025 17:00:00",23.81748678,79.446246,CO,22,24,23
India,Karnataka,Dharwad,"Kalabhavan, Dharwad - KSPCB","07-01-2025 17:00:00",15.459706,75.008381,OZONE,10,85,63
India,Karnataka,Gadag,"Panchal Nagar, Gadag - KSPCB","07-01-2025 17:00:00",15.411456,75.638133,OZONE,22,60,51
India,Karnataka,Raichur,"Haji Colony, Raichur - KSPCB","07-01-2025 17:00:00",16.208139,77.348417,CO,119,129,121
India,Karnataka,Tumakuru,"Thimmalapura, Tumakuru - KSPCB","07-01-2025 17:00:00",13.377516,77.099072,OZONE,5,7,6
India,Kerala,Eloor,"Udyogamandal, Eloor - Kerala PCB","07-01-2025 17:00:00",10.073232,76.302765,OZONE,10,13,12
India,Maharashtra,Bhiwandi,"Gokul Nagar, Bhiwandi - MPCB","07-01-2025 17:00:00",19.309073,73.057223,OZONE,28,94,68
India,Maharashtra,Boisar,"Khaira, Boisar - MPCB","07-01-2025 17:00:00",19.786089,72.757971,OZONE,9,89,51
India,Maharashtra,Chandrapur,"MIDC Khutala, Chandrapur - MPCB","07-01-2025 17:00:00",19.9775302,79.2337086,OZONE,5,57,39
India,"Madhya Pradesh",Katni,"Gole Bazar, Katni - MPPCB","07-01-2025 17:00:00",23.50016,80.23284,OZONE,23,77,63
India,"Madhya Pradesh",Maihar,"Sahilara, Maihar - KJS Cements","07-01-2025 17:00:00",24.2613009,80.7231783,CO,20,56,56
India,Maharashtra,Kalyan,"Pimpleshwar Mandir, Kalyan - MPCB","07-01-2025 17:00:00",19.192056,72.9585188,OZONE,7,79,37
India,Maharashtra,Kolhapur,"Sinchan Bhavan, Kolhapur - MPCB","07-01-2025 17:00:00",16.7143745,74.2426398,OZONE,2,52,35
India,Maharashtra,Mumbai,"Bandra Kurla Complex, Mumbai - MPCB","07-01-2025 17:00:00",19.065931,72.862131,OZONE,1,103,48
India,"Madhya Pradesh",Sagar,"Civil Lines, Sagar - MPPCB","07-01-2025 17:00:00",23.838586,78.759431,OZONE,18,61,42
India,Maharashtra,Jalna,"Old MIDC, Jalna - MPCB","07-01-2025 17:00:00",19.854616,75.905894,OZONE,26,183,104
India,Maharashtra,Mumbai,"Borivali East, Mumbai - MPCB","07-01-2025 17:00:00",19.2243333,72.8658113,OZONE,1,94,75
India,Maharashtra,Mumbai,"Colaba, Mumbai - MPCB","07-01-2025 17:00:00",18.910000,72.820000,OZONE,11,11,11
India,Maharashtra,Belapur,"CBD Belapur, Belapur - MPCB","07-01-2025 17:00:00",19.0243902,73.0406721,OZONE,13,122,85
India,Mizoram,Aizawl,"Sikulpuikawn, Aizawl - Mizoram PCB","07-01-2025 17:00:00",23.7176342,92.7192841,OZONE,5,9,7
India,Maharashtra,Nashik,"Pandav Nagari, Nashik - MPCB","07-01-2025 17:00:00",19.9591346,73.7788008,OZONE,5,83,41
India,Maharashtra,"Navi Mumbai","Mahape, Navi Mumbai - MPCB","07-01-2025 17:00:00",19.1135051,73.008978,OZONE,22,25,23
India,Maharashtra,"Navi Mumbai","Nerul, Navi Mumbai - MPCB","07-01-2025 17:00:00",19.008751,73.016620,OZONE,10,38,23
India,Maharashtra,"Navi Mumbai","Sanpada, Navi Mumbai - MPCB","07-01-2025 17:00:00",19.0575752,73.0151367,OZONE,10,125,50
India,Maharashtra,Parbhani,"Masoom Colony, Parbhani - MPCB","07-01-2025 17:00:00",19.265594,76.761463,OZONE,7,100,77
India,Maharashtra,Pimpri-Chinchwad,"Gavalinagar, Pimpri Chinchwad - MPCB","07-01-2025 17:00:00",18.63673,73.82487,OZONE,2,167,151
India,Maharashtra,Nagpur,"Mahal, Nagpur - MPCB","07-01-2025 17:00:00",21.14472,79.107595,OZONE,6,42,28
India,Maharashtra,Nagpur,"Opp GPO Civil Lines, Nagpur - MPCB","07-01-2025 17:00:00",21.152875,79.0517531,OZONE,2,68,42
India,Maharashtra,Pune,"Savitribai Phule Pune University, Pune - MPCB","07-01-2025 17:00:00",18.547056,73.826908,OZONE,1,113,74
India,Maharashtra,Solapur,"Ratandeep Housing Society, Solapur - MPCB","07-01-2025 17:00:00",17.65439,75.90649,OZONE,2,133,81
India,Maharashtra,Mumbai,"Malad West, Mumbai - IITM","07-01-2025 17:00:00",19.19709,72.82204,OZONE,3,99,56
India,Maharashtra,Nashik,"MIDC Ambad, Nashik - MPCB","07-01-2025 17:00:00",19.950220,73.731480,OZONE,18,70,42
India,Punjab,Rupnagar,"Ratanpura, Rupnagar - Ambuja Cements","07-01-2025 17:00:00",31.0325454,76.5623046,CO,111,139,127
India,Nagaland,Kohima,"PWD Juction, Kohima - NPCB","07-01-2025 17:00:00",25.6635413,94.0989878,OZONE,6,33,20
India,Rajasthan,Bhiwadi,"RIICO Ind. Area III, Bhiwadi - RSPCB","07-01-2025 17:00:00",28.194909,76.862296,OZONE,5,32,22
India,Odisha,Baripada,"Meher Colony, Baripada - OSPCB","07-01-2025 17:00:00",21.941841,86.728318,OZONE,3,127,77
India,Rajasthan,Jaipur,"Mansarovar Sector-12, Jaipur - RSPCB","07-01-2025 17:00:00",26.843698,75.766894,OZONE,3,99,68
India,Puducherry,Puducherry,"Jawahar Nagar, Puducherry - PPCC","07-01-2025 17:00:00",11.9309,79.8027,OZONE,37,79,70
India,Rajasthan,Hanumangarh,"Housing Board, Hanumangarh - RSPCB","07-01-2025 17:00:00",29.610750,74.283608,OZONE,27,73,50
India,Odisha,Suakati,"OMC Colony, Suakati - OSPCB","07-01-2025 17:00:00",21.606865,85.510538,OZONE,11,176,127
India,Odisha,Nayagarh,"Dabuna, Nayagarh - OSPCB","07-01-2025 17:00:00",21.847279,85.416905,OZONE,43,107,77
India,Tripura,Agartala,"Bardowali, Agartala - Tripura SPCB","07-01-2025 17:00:00",23.8175497,91.2726974,OZONE,3,88,53
India,Uttar_Pradesh,Agra,"Manoharpur, Agra - UPPCB","07-01-2025 17:00:00",27.23711,78.01936,OZONE,1,5,4
India,TamilNadu,Cuddalore,"Semmandalam, Cuddalore - TNPCB","07-01-2025 17:00:00",11.7637683,79.7499835,OZONE,1,2,1
India,Rajasthan,Jaipur,"Shastri Nagar, Jaipur - RSPCB","07-01-2025 17:00:00",26.9502929,75.730943,OZONE,24,72,48
India,Rajasthan,Jaisalmer,"Sadar Bazar, Jaisalmer - RSPCB","07-01-2025 17:00:00",26.912329,70.909168,OZONE,10,112,90
India,TamilNadu,Chennai,"Manali Village, Chennai - TNPCB","07-01-2025 17:00:00",13.1662,80.2584,OZONE,29,217,47
India,TamilNadu,Chennai,"Manali, Chennai - CPCB","07-01-2025 17:00:00",13.164544,80.26285,OZONE,8,18,12
India,Telangana,Hyderabad,"Sanathnagar, Hyderabad - TSPCB","07-01-2025 17:00:00",17.4559458,78.4332152,OZONE,12,16,14
India,Telangana,Hyderabad,"Zoo Park, Hyderabad - TSPCB","07-01-2025 17:00:00",17.349694,78.451437,OZONE,17,46,27
India,Rajasthan,Sikar,"Radhakishan Pura, Sikar - RSPCB","07-01-2025 17:00:00",27.608912,75.153302,OZONE,32,68,54
India,Rajasthan,Udaipur,"Ashok Nagar, Udaipur - RSPCB","07-01-2025 17:00:00",24.5886166,73.6321397,OZONE,21,77,57
India,TamilNadu,Nagapattinam,"Velippalayam, Nagapattinam - TNPCB","07-01-2025 17:00:00",10.798548,79.838212,OZONE,1,45,30
India,Rajasthan,Kota,"Shrinath Puram, Kota - RSPCB","07-01-2025 17:00:00",25.14389,75.821256,OZONE,16,48,39
India,Uttar_Pradesh,Meerut,"Pallavpuram Phase 2, Meerut - UPPCB","07-01-2025 17:00:00",29.063510,77.709723,OZONE,7,32,16
India,Uttar_Pradesh,Varanasi,"IESD Banaras Hindu University, Varanasi - UPPCB","07-01-2025 17:00:00",25.262326,82.995408,OZONE,1,1,1
India,Uttar_Pradesh,Noida,"Sector-116, Noida - UPPCB","07-01-2025 17:00:00",28.569230,77.393848,OZONE,7,54,41
India,Uttar_Pradesh,Prayagraj,"Jhunsi, Prayagraj - UPPCB","07-01-2025 17:00:00",25.425602,81.917152,OZONE,8,12,10
India,Uttar_Pradesh,Prayagraj,"Motilal Nehru NIT, Prayagraj - UPPCB","07-01-2025 17:00:00",25.494,81.863,OZONE,8,13,11
India,Uttar_Pradesh,"Greater Noida","Knowledge Park - III, Greater Noida - UPPCB","07-01-2025 17:00:00",28.47272,77.482000,OZONE,8,49,35
India,Uttar_Pradesh,Agra,"Sanjay Palace, Agra - UPPCB","07-01-2025 17:00:00",27.19865833,78.00598056,OZONE,5,39,32
India,Uttar_Pradesh,Moradabad,"Transport Nagar, Moradabad - UPPCB","07-01-2025 17:00:00",28.802625,78.753728,OZONE,18,22,21
India,Uttar_Pradesh,Khurja,"Kalindi Kunj, Khurja - UPPCB","07-01-2025 17:00:00",28.2348927,77.8683002,OZONE,4,42,5
India,Uttar_Pradesh,Kanpur,"NSI Kalyanpur, Kanpur - UPPCB","07-01-2025 17:00:00",26.509954,80.249612,OZONE,19,22,21
India,Uttar_Pradesh,Varanasi,"Ardhali Bazar, Varanasi - UPPCB","07-01-2025 17:00:00",25.3505986,82.9083074,OZONE,14,21,18
India,West_Bengal,Durgapur,"Mahishkapur Road_B-Zone, Durgapur - WBPCB","07-01-2025 17:00:00",23.567923,87.306843,OZONE,3,205,137
India,West_Bengal,Kolkata,"Jadavpur, Kolkata - WBPCB","07-01-2025 17:00:00",22.49929,88.36917,OZONE,9,55,29
India,Bihar,Motihari,"Gandak Colony, Motihari - BSPCB","07-01-2025 17:00:00",26.63086,84.90051,OZONE,11,12,12
India,Bihar,Munger,"Town Hall, Munger - BSPCB","07-01-2025 17:00:00",25.376776,86.471523,OZONE,2,10,5
India,Bihar,Muzaffarpur,"Buddha Colony, Muzaffarpur - BSPCB","07-01-2025 17:00:00",26.11442,85.39813,OZONE,8,18,13
India,Chhattisgarh,Raipur,"Bhatagaon New ISBT, Raipur - CECB","07-01-2025 17:00:00",21.219665,81.630094,OZONE,2,6,2
India,Bihar,Sasaram,"Dada Peer, Sasaram - BSPCB","07-01-2025 17:00:00",24.952822,84.002396,OZONE,2,15,9
India,Chandigarh,Chandigarh,"Sector-25, Chandigarh - CPCC","07-01-2025 17:00:00",30.751462,76.762879,OZONE,3,25,15
India,Assam,Guwahati,"Railway Colony, Guwahati - PCBA","07-01-2025 17:00:00",26.181742,91.78063,OZONE,3,76,23
India,Andhra_Pradesh,Tirupati,"Tirumala, Tirupati - APPCB","07-01-2025 17:00:00",13.67,79.35,OZONE,6,38,28
India,Bihar,Chhapra,"Darshan Nagar, Chhapra - BSPCB","07-01-2025 17:00:00",25.7808257,84.7446768,OZONE,1,2,1
India,Bihar,Saharsa,"Police Line, Saharsa - BSPCB","07-01-2025 17:00:00",25.892357,86.590325,OZONE,9,13,10
India,Delhi,Delhi,"Anand Vihar, Delhi - DPCC","07-01-2025 17:00:00",28.647622,77.3158090,OZONE,2,9,5
India,Bihar,Kishanganj,"SDM Office_Khagra, Kishanganj - BSPCB","07-01-2025 17:00:00",26.0881305,87.93840336,OZONE,19,22,19
India,Delhi,Delhi,"Lodhi Road, Delhi - IMD","07-01-2025 17:00:00",28.5918245,77.2273074,OZONE,16,40,32
India,Delhi,Delhi,"Major Dhyan Chand National Stadium, Delhi - DPCC","07-01-2025 17:00:00",28.611281,77.237738,OZONE,12,51,38
India,Jharkhand,Jorapokhar,"Tata Stadium, Jorapokhar - JSPCB","07-01-2025 17:00:00",23.707909,86.414670,OZONE,7,7,7
India,Karnataka,Bengaluru,"BTM Layout, Bengaluru - CPCB","07-01-2025 17:00:00",12.9135218,77.5950804,OZONE,18,26,24
India,Haryana,Faridabad,"Sector 30, Faridabad - HSPCB","07-01-2025 17:00:00",28.4417,77.3217,OZONE,17,19,18
India,Haryana,Gurugram,"NISE Gwal Pahari, Gurugram - IMD","07-01-2025 17:00:00",28.422681,77.148944,OZONE,33,74,58
India,Gujarat,Vapi,"Phase-1 GIDC, Vapi - GPCB","07-01-2025 17:00:00",20.362421,72.918013,OZONE,2,2,2
India,Haryana,"Charkhi Dadri","Mini Secretariat, Charkhi Dadri - HSPCB","07-01-2025 17:00:00",28.593883,76.270653,OZONE,13,17,16
India,Haryana,Rohtak,"MD University, Rohtak - HSPCB","07-01-2025 17:00:00",28.52123,76.37138,OZONE,45,55,48
India,Jammu_and_Kashmir,Srinagar,"Rajbagh, Srinagar - JKSPCB","07-01-2025 17:00:00",34.066206,74.819820,OZONE,2,2,2
India,Jharkhand,Dhanbad,"Sardar Patel Nagar, Dhanbad - JSPCB","07-01-2025 17:00:00",23.80569,86.44268,OZONE,7,19,15
India,Delhi,Delhi,"Pusa, Delhi - IMD","07-01-2025 17:00:00",28.636110,77.173332,OZONE,23,37,36
India,Delhi,Delhi,"Vivek Vihar, Delhi - DPCC","07-01-2025 17:00:00",28.672342,77.315260,OZONE,5,14,10
India,Delhi,Delhi,"Punjabi Bagh, Delhi - DPCC","07-01-2025 17:00:00",28.674045,77.131023,OZONE,14,326,170
India,Gujarat,Ahmedabad,"SAC ISRO Satellite, Ahmedabad - IITM","07-01-2025 17:00:00",23.023389,72.515201,OZONE,20,99,75
India,Karnataka,Mangalore,"Kadri, Mangalore - KSPCB","07-01-2025 17:00:00",12.889250,74.853000,OZONE,24,24,24
India,Karnataka,Chamarajanagar,"Urban, Chamarajanagar - KSPCB","07-01-2025 17:00:00",11.55358,76.55521,OZONE,21,49,38
India,Karnataka,Davanagere,"Devaraj Urs Badavane, Davanagere - KSPCB","07-01-2025 17:00:00",14.475800,75.905200,OZONE,19,20,19
India,Karnataka,Bengaluru,"Hebbal, Bengaluru - KSPCB","07-01-2025 17:00:00",13.029152,77.585901,SO2,11,21,16
India,Karnataka,Bengaluru,"Hombegowda Nagar, Bengaluru - KSPCB","07-01-2025 17:00:00",12.938539,77.590100,OZONE,10,94,67
India,"Madhya Pradesh",Bhopal,"Paryavaran Parisar, Bhopal - MPPCB","07-01-2025 17:00:00",23.210494,77.425409,OZONE,14,36,30
India,"Madhya Pradesh",Bhopal,"T T Nagar, Bhopal - MPPCB","07-01-2025 17:00:00",23.233584,77.400574,OZONE,23,96,73
India,Karnataka,Yadgir,"Collector Office, Yadgir - KSPCB","07-01-2025 17:00:00",16.7602,77.1428,OZONE,18,20,19
India,Kerala,Thiruvananthapuram,"Kariavattom, Thiruvananthapuram - Kerala PCB","07-01-2025 17:00:00",8.563700,76.886500,OZONE,36,37,36
India,"Madhya Pradesh",Indore,"Chhoti Gwaltoli, Indore - MPPCB","07-01-2025 17:00:00",22.4310,75.5213,OZONE,16,76,60
India,"Madhya Pradesh",Jabalpur,"Gupteshwar, Jabalpur - JMC","07-01-2025 17:00:00",23.142888,79.916147,OZONE,14,64,45
India,Karnataka,Haveri,"Ashwini Nagar, Haveri - KSPCB","07-01-2025 17:00:00",14.791800,75.389600,OZONE,34,34,34
India,Maharashtra,Amravati,"Shivneri Colony, Amravati - MPCB","07-01-2025 17:00:00",20.9402359,77.7895248,OZONE,18,73,47
India,Maharashtra,Amravati,"Shri Shivaji Science College, Amaravati - MPCB","07-01-2025 17:00:00",20.939198,77.765701,OZONE,2,44,32
India,Maharashtra,Aurangabad,"MIDC Chilkalthana, Aurangabad - MPCB","07-01-2025 17:00:00",19.875620,75.387310,OZONE,7,93,62
India,Maharashtra,Aurangabad,"More Chowk Waluj, Aurangabad - MPCB","07-01-2025 17:00:00",19.8389439,75.244448,OZONE,55,118,101
India,"Madhya Pradesh",Pithampur,"Sector-2 Industrial Area, Pithampur - MPPCB","07-01-2025 17:00:00",22.624758,75.675238,OZONE,40,116,89
India,"Madhya Pradesh",Satna,"Bandhavgar Colony, Satna - Birla Cement","07-01-2025 17:00:00",24.58434363,80.8549414,OZONE,21,31,27
India,Maharashtra,Chandrapur,"Chauhan Colony, Chandrapur - MPCB","07-01-2025 17:00:00",19.962900,79.298714,OZONE,29,54,34
India,Maharashtra,Dhule,"Deopur, Dhule - MPCB","07-01-2025 17:00:00",20.918946,74.776388,OZONE,12,79,57
India,Maharashtra,Mumbai,"Borivali East, Mumbai - IITM","07-01-2025 17:00:00",19.23241,72.86895,OZONE,7,54,39
India,Maharashtra,Mumbai,"Kherwadi_Bandra East, Mumbai - MPCB","07-01-2025 17:00:00",19.0632143,72.8456324,OZONE,1,107,32
India,Maharashtra,Latur,"Sawe Wadi, Latur - MPCB","07-01-2025 17:00:00",18.39963,76.57452,OZONE,7,67,47
India,Maharashtra,Badlapur,"Katrap, Badlapur - MPCB","07-01-2025 17:00:00",19.16485,73.23409,OZONE,10,94,55
India,"Madhya Pradesh",Mandideep,"Sector-D Industrial Area, Mandideep - MPPCB","07-01-2025 17:00:00",23.108440,77.511428,OZONE,22,30,26
India,"Madhya Pradesh",Ujjain,"Mahakaleshwar Temple, Ujjain - MPPCB","07-01-2025 17:00:00","23.182719 ","75.768218 ",OZONE,60,75,64
India,Maharashtra,Pimpri-Chinchwad,"Savta Mali Nagar, Pimpri-Chinchwad - IITM","07-01-2025 17:00:00",18.614767,73.799516,OZONE,4,144,97
India,Maharashtra,Pune,"Transport Nagar-Nigdi, Pune - IITM","07-01-2025 17:00:00",18.664282,73.763966,OZONE,3,65,32
India,Maharashtra,Pune,"Bhumkar Nagar, Pune - IITM","07-01-2025 17:00:00",18.605770,73.749976,OZONE,1,170,86
India,Maharashtra,Virar,"Bolinj, Virar - MPCB","07-01-2025 17:00:00",19.4458210,72.7988231,OZONE,33,106,74
India,Meghalaya,Shillong,"Lumpyngngad, Shillong - Meghalaya PCB","07-01-2025 17:00:00",25.5586,91.8985,OZONE,22,72,65
India,Maharashtra,Thane,"Kasarvadavali, Thane - MPCB","07-01-2025 17:00:00",19.26777,72.97182,OZONE,29,134,83
India,Maharashtra,Thane,"Upvan Fort, Thane - MPCB","07-01-2025 17:00:00",19.222279,72.957979,OZONE,18,98,68
India,Maharashtra,Mumbai,"Sion, Mumbai - MPCB","07-01-2025 17:00:00",19.047000,72.874600,CO,38,38,38
India,Maharashtra,Mumbai,"Vile Parle West, Mumbai - MPCB","07-01-2025 17:00:00",19.10861,72.83622,OZONE,4,6,5
India,Odisha,Angul,"Hakimapada, Angul - OSPCB","07-01-2025 17:00:00",20.832874,85.104082,OZONE,6,122,77
India,Maharashtra,Nashik,"Hirawadi, Nashik - MPCB","07-01-2025 17:00:00",20.021503,73.813844,OZONE,2,91,69
India,Rajasthan,Bikaner,"MM Ground, Bikaner - RSPCB","07-01-2025 17:00:00",28.018792,73.292658,OZONE,9,100,66
India,Rajasthan,Chittorgarh,"Shastri Nagar, Chittorgarh - RSPCB","07-01-2025 17:00:00",24.892047,74.623527,OZONE,10,131,90
India,Rajasthan,Banswara,"Rati Talai, Banswara - RSPCB","07-01-2025 17:00:00",23.555190,74.440010,OZONE,45,102,88
India,Rajasthan,Baran,"Bamboliya, Baran - RSPCB","07-01-2025 17:00:00",25.106006,76.469948,OZONE,13,100,76
India,Rajasthan,Barmer,"Railway Colony, Barmer - RSPCB","07-01-2025 17:00:00",25.747299,71.393989,OZONE,43,88,79
India,Odisha,Barbil,"Forest Office, Barbil - OSPCB","07-01-2025 17:00:00",22.1166054,85.3945546,OZONE,1,25,17
India,Odisha,Bhubaneswar,"Lingraj Mandir, Bhubaneswar - OSPCB","07-01-2025 17:00:00",20.240790,85.836784,OZONE,6,64,45
India,Rajasthan,Pali,"Indira Colony Vistar, Pali - RSPCB","07-01-2025 17:00:00",25.771061," 73.340227",OZONE,9,58,42
India,Rajasthan,Jaipur,"Sector-2 Murlipura, Jaipur - RSPCB","07-01-2025 17:00:00",26.960669,75.771817,OZONE,9,81,57
India,Odisha,Cuttack,"CDA Area, Cuttack - OSPCB","07-01-2025 17:00:00","20.48891     ","85.84768     ",OZONE,3,240,179
India,Rajasthan,Jhunjhunu,"Indra Nagar, Jhunjhunu - RSPCB","07-01-2025 17:00:00",28.108988,75.386577,OZONE,4,99,81
India,Odisha,Talcher,"Talcher Coalfields,Talcher - OSPCB","07-01-2025 17:00:00",20.9360711,85.1707021,OZONE,7,55,39
India,Rajasthan,Sirohi,"Vedhaynath Colony, Sirohi - RSPCB","07-01-2025 17:00:00",24.885261,72.857549,OZONE,28,107,83
India,TamilNadu,Vellore,"Vasanthapuram, Vellore - TNPCB","07-01-2025 17:00:00",12.909494,79.131861,CO,67,73,70
India,TamilNadu,Ooty,"Bombay Castel, Ooty - TNPCB","07-01-2025 17:00:00",11.4068288,76.7138973,OZONE,5,6,5
India,TamilNadu,Palkalaiperur,"Bharathidasan University, Palkalaiperur - TNPCB","07-01-2025 17:00:00",10.681158,78.741746,CO,10,10,10
India,TamilNadu,Perundurai,"SIPCOT Industrial Park, Perundurai - TNPCB","07-01-2025 17:00:00",11.258242,77.552761,OZONE,1,6,4
India,TamilNadu,Chennai,"Royapuram, Chennai - TNPCB","07-01-2025 17:00:00",13.1036,80.2909,OZONE,18,24,21
India,TamilNadu,Coimbatore,"PSG College of Arts and Science, Coimbatore - TNPCB","07-01-2025 17:00:00",11.0328,77.0349,OZONE,5,7,6
India,TamilNadu,Karur,"Kamadenu Nagar, Karur - TNPCB","07-01-2025 17:00:00",10.967820,78.080882,OZONE,9,42,13
India,TamilNadu,Madurai,"Uchapatti, Madurai - TNPCB","07-01-2025 17:00:00",9.865935,78.022669,OZONE,6,6,6
India,Uttar_Pradesh,Ghaziabad,"Loni, Ghaziabad - UPPCB","07-01-2025 17:00:00",28.757294,77.278792,OZONE,1,44,24
India,Uttar_Pradesh,Ghaziabad,"Sanjay Nagar, Ghaziabad - UPPCB","07-01-2025 17:00:00",28.685382,77.453839,OZONE,1,35,23
India,TamilNadu,Cuddalore,"Kudikadu, Cuddalore - TNPCB","07-01-2025 17:00:00",11.6829898,79.7532099,OZONE,4,4,4
India,Uttar_Pradesh,"Greater Noida","Knowledge Park - V, Greater Noida - UPPCB","07-01-2025 17:00:00",28.557054,77.453663,OZONE,2,37,26
India,Uttar_Pradesh,Firozabad,"Nagla Bhau, Firozabad - UPPCB","07-01-2025 17:00:00",27.168897,78.376960,OZONE,16,21,18
India,Rajasthan,Tonk,"Shastri Nagar, Tonk - RSPCB","07-01-2025 17:00:00",26.159933,75.780517,OZONE,7,61,38
India,Uttar_Pradesh,Lucknow,"B R Ambedkar University, Lucknow - UPPCB","07-01-2025 17:00:00",26.766433,80.927299,OZONE,10,31,23
India,Uttar_Pradesh,Lucknow,"Gomti Nagar, Lucknow - UPPCB","07-01-2025 17:00:00",26.868120,81.005119,OZONE,23,25,24
India,Uttar_Pradesh,Lucknow,"Kendriya Vidyalaya, Lucknow - CPCB","07-01-2025 17:00:00",26.906111,80.948222,OZONE,6,46,33
India,Uttar_Pradesh,Lucknow,"Kukrail Picnic Spot-1, Lucknow - UPPCB","07-01-2025 17:00:00",26.90723,80.98579,OZONE,13,25,19
India,Uttar_Pradesh,Lucknow,"Talkatora District Industries Center, Lucknow - CPCB","07-01-2025 17:00:00",26.83399722,80.8917361,OZONE,2,80,48
India,Uttar_Pradesh,Noida,"Sector-1, Noida - UPPCB","07-01-2025 17:00:00",28.5898,77.3101,OZONE,10,25,21
India,Uttarakhand,Rishikesh,"Shivaji Nagar, Rishikesh - UKPCB","07-01-2025 17:00:00",30.075911,78.2859547,OZONE,5,40,22
India,West_Bengal,Asansol,"Trivenidevi Bhalotia College, Asansol - WBPCB","07-01-2025 17:00:00",23.616515,87.119133,OZONE,4,81,55
India,West_Bengal,Howrah,"Dasnagar, Howrah - WBPCB","07-01-2025 17:00:00",22.6025571,88.3105664,OZONE,2,68,38
India,Bihar,Katihar,"Mirchaibari, Katihar - BSPCB","07-01-2025 17:00:00",25.560083,87.553265,OZONE,18,27,24
India,Andhra_Pradesh,Vijayawada,"Kanuru, Vijayawada - APPCB","07-01-2025 17:00:00",16.486692,80.699436,OZONE,12,19,16
India,Andhra_Pradesh,Visakhapatnam,"GVM Corporation, Visakhapatnam - APPCB","07-01-2025 17:00:00",17.72,83.3,OZONE,1,28,7
India,Bihar,Purnia,"Mariam Nagar, Purnia - BSPCB","07-01-2025 17:00:00",25.366336,87.117468,OZONE,27,29,29
India,Bihar,Rajgir,"Dangi Tola, Rajgir - BSPCB","07-01-2025 17:00:00",25.03280,85.41948,OZONE,33,37,34
India,Bihar,Samastipur,"DM Office_Kasipur, Samastipur - BSPCB","07-01-2025 17:00:00",25.859655,85.77944,OZONE,8,9,9
India,Assam,Silchar,"Tarapur, Silchar - PCBA","07-01-2025 17:00:00",24.82827,92.79525,OZONE,1,2,1
India,Assam,Sivasagar,"Girls College, Sivasagar - PCBA","07-01-2025 17:00:00",26.987634,94.636574,OZONE,3,11,5
India,Bihar,Begusarai,"Lohiyanagar, Begusarai - BSPCB (Formerly known as DRCC Anandpur)","07-01-2025 17:00:00",25.42742023,86.13886079,OZONE,1,7,3
India,Bihar,Muzaffarpur,"MIT-Daudpur Kothi, Muzaffarpur - BSPCB","07-01-2025 17:00:00",26.1403345,85.3650192,OZONE,12,21,16
India,Bihar,Siwan,"Chitragupta Nagar, Siwan - BSPCB","07-01-2025 17:00:00",26.2271665,84.3570427,OZONE,1,8,5
India,Andhra_Pradesh,Kadapa,"Yerramukkapalli, Kadapa - APPCB","07-01-2025 17:00:00",14.465052,78.824187,OZONE,49,49,49
India,Assam,Guwahati,"IITG, Guwahati - PCBA","07-01-2025 17:00:00",26.2028636,91.70046436,OZONE,10,43,30
India,Assam,Nalbari,"Bata Chowk, Nalbari - PCBA","07-01-2025 17:00:00",26.446912,91.439057,OZONE,12,41,30
India,Gujarat,Ahmedabad,"Gyaspur, Ahmedabad - IITM","07-01-2025 17:00:00",22.977134,72.553024,OZONE,12,75,59
India,Chhattisgarh,Bilaspur,"Mangala, Bilaspur - NTPC","07-01-2025 17:00:00",22.08815,82.13737,CO,37,56,39
India,Chhattisgarh,Korba,"Rampur, Korba - CECB","07-01-2025 17:00:00",22.368195,82.746431,OZONE,4,7,6
India,Delhi,Delhi,"Dr. Karni Singh Shooting Range, Delhi - DPCC","07-01-2025 17:00:00",28.498571,77.264840,OZONE,17,57,45
India,Delhi,Delhi,"Dwarka-Sector 8, Delhi - DPCC ","07-01-2025 17:00:00",28.5710274,77.0719006,OZONE,13,39,32
India,Delhi,Delhi,"IGI Airport (T3), Delhi - IMD","07-01-2025 17:00:00",28.5627763,77.1180053,OZONE,21,49,36
India,Delhi,Delhi,"Aya Nagar, Delhi - IMD","07-01-2025 17:00:00",28.4706914,77.1099364,OZONE,12,72,38
India,Delhi,Delhi,"Chandni Chowk, Delhi - IITM","07-01-2025 17:00:00",28.656756,77.227234,OZONE,7,47,35
India,Delhi,Delhi,"Rohini, Delhi - DPCC","07-01-2025 17:00:00",28.732528,77.119920,OZONE,27,47,41
India,Delhi,Delhi,"Narela, Delhi - DPCC","07-01-2025 17:00:00",28.822836,77.101981,OZONE,1,6,4
India,Delhi,Delhi,"Sri Aurobindo Marg, Delhi - DPCC","07-01-2025 17:00:00",28.531346,77.190156,OZONE,26,68,56
India,Chhattisgarh,Bhilai,"Civic Center, Bhilai - Bhilai Steel Plant","07-01-2025 17:00:00",21.185571,81.343175,OZONE,7,53,42
India,Gujarat,Surat,"Science Center, Surat - SMC","07-01-2025 17:00:00",21.170046,72.795405,CO,46,60,54
India,Gujarat,Vatva,"Phase-4 GIDC, Vatva - GPCB","07-01-2025 17:00:00",22.969611,72.643500,OZONE,6,39,26
India,Karnataka,Vijayapura,"Ibrahimpur, Vijayapura - KSPCB","07-01-2025 17:00:00",16.802639,75.722694,OZONE,14,17,16
India,Karnataka,Bengaluru,"Jayanagar 5th Block, Bengaluru - KSPCB","07-01-2025 17:00:00",12.920984,77.584908,OZONE,33,38,36
India,Karnataka,Bengaluru,"Jigani, Bengaluru - KSPCB","07-01-2025 17:00:00",12.7816279,77.6299145,OZONE,22,24,23
India,Karnataka,Bengaluru,"RVCE-Mailasandra, Bengaluru - KSPCB","07-01-2025 17:00:00",12.921418,77.502466,OZONE,22,23,22
India,Karnataka,Kolar,"Tamaka Ind. Area, Kolar - KSPCB","07-01-2025 17:00:00",13.1276288,78.1570122,OZONE,18,52,47
India,Karnataka,Chikkaballapur,"Chikkaballapur Rural, Chikkaballapur - KSPCB","07-01-2025 17:00:00",13.428828,77.731418,OZONE,24,24,24
India,Haryana,Faridabad,"Sector 11, Faridabad - HSPCB","07-01-2025 17:00:00",28.376058,77.315741,OZONE,19,21,20
India,Haryana,Gurugram,"Teri Gram, Gurugram - HSPCB","07-01-2025 17:00:00",28.4275,77.1465,OZONE,13,64,14
India,Karnataka,Bengaluru,"City Railway Station, Bengaluru - KSPCB","07-01-2025 17:00:00",12.9756843,77.5660749,CO,27,46,34
India,Kerala,Kannur,"Thavakkara, Kannur - Kerala PCB","07-01-2025 17:00:00",11.875000,75.373200,OZONE,27,31,29
India,Maharashtra,Mumbai,"Mazgaon, Mumbai - IITM","07-01-2025 17:00:00",18.96702,72.84214,OZONE,51,91,74
India,Maharashtra,Mumbai,"Mindspace-Malad West, Mumbai - MPCB","07-01-2025 17:00:00",19.1878657,72.8304069,OZONE,3,72,36
India,"Madhya Pradesh",Gwalior,"Maharaj Bada, Gwalior - MPPCB","07-01-2025 17:00:00",26.200388,78.147714,OZONE,38,96,80
India,"Madhya Pradesh",Jabalpur,"Govindh Bhavan Colony, Jabalpur - JMC","07-01-2025 17:00:00",23.163174,79.973061,OZONE,12,87,66
India,Maharashtra,Jalgaon,"Prabhat Colony, Jalgaon - MPCB","07-01-2025 17:00:00",21.001264,75.565602,OZONE,3,78,57
India,"Madhya Pradesh",Jabalpur,"Suhagi, Jabalpur - JMC","07-01-2025 17:00:00",23.218135,79.957770,OZONE,13,68,49
India,Maharashtra,Mumbai,"Kandivali East, Mumbai - MPCB","07-01-2025 17:00:00",19.205800,72.868200,OZONE,15,16,16
India,Maharashtra,Akola,"Ramdaspeth, Akola - MPCB","07-01-2025 17:00:00",20.719516,77.000253,OZONE,1,92,44
India,Maharashtra,Mumbai,"Sewri, Mumbai - BMC","07-01-2025 17:00:00",19.000084,72.856730,OZONE,1,73,50
India,Maharashtra,Mumbai,"Kurla, Mumbai - MPCB","07-01-2025 17:00:00",19.0863,72.8888,OZONE,28,29,29
India,Maharashtra,Pune,"Mhada Colony, Pune - IITM","07-01-2025 17:00:00",18.573040,73.927715,OZONE,10,128,83
India,Maharashtra,Pune,"Panchawati_Pashan, Pune - IITM","07-01-2025 17:00:00",18.536457,73.805454,OZONE,7,83,61
India,Maharashtra,Solapur,"Solapur, Solapur - MPCB","07-01-2025 17:00:00",17.6599188,75.9063906,SO2,NA,NA,NA
India,Maharashtra,Mumbai,"Worli, Mumbai - MPCB","07-01-2025 17:00:00",18.9936162,72.8128113,OZONE,2,10,5
India,Maharashtra,Nagpur,"Ambazari, Nagpur - MPCB","07-01-2025 17:00:00",21.121801,79.04952,OZONE,1,93,62
India,Maharashtra,Ulhasnagar,"Sidhi Vinayak Nagar, Ulhasnagar - MPCB","07-01-2025 17:00:00",19.235581,73.159121,OZONE,5,90,66
India,Maharashtra,Nagpur,"Ram Nagar, Nagpur - MPCB","07-01-2025 17:00:00",21.143383,79.048912,OZONE,2,74,46
India,Maharashtra,Nanded,"Sneh Nagar, Nanded - MPCB","07-01-2025 17:00:00",19.173852,77.296291,OZONE,133,198,134
India,Maharashtra,Pune,"Karve Road, Pune - MPCB","07-01-2025 17:00:00",18.5011743,73.8165527,OZONE,16,16,16
India,Maharashtra,"Navi Mumbai","Kopripada-Vashi, Navi Mumbai - MPCB","07-01-2025 17:00:00",19.090337,73.014232,OZONE,3,168,157
India,Maharashtra,Mumbai,"Vasai West, Mumbai - MPCB","07-01-2025 17:00:00",19.383200,72.820400,OZONE,6,7,7
India,Odisha,Rairangpur,"Divisional Forest Office, Rairangpur - OSPCB","07-01-2025 17:00:00",22.265816,86.174829,OZONE,13,41,30
India,Odisha,Rourkela,"Fertilizer Township, Rourkela - OSPCB","07-01-2025 17:00:00",22.18972222,84.86277778,CO,10,26,19
India,Odisha,Rourkela,"Sector-2, Rourkela - OSPCB","07-01-2025 17:00:00",22.24500000,84.88111111,CO,13,72,35
India,Odisha,Bhubaneswar,"Patia, Bhubaneswar - OSPCB","07-01-2025 17:00:00",20.34652,85.81630,OZONE,4,180,150
India,Odisha,Bileipada,"Tata Township, Bileipada - OSPCB","07-01-2025 17:00:00",22.06156703,85.47409613,OZONE,24,31,27
India,Odisha,Brajrajnagar,"GM Office, Brajrajnagar - OSPCB","07-01-2025 17:00:00",21.8004996,83.8396977,OZONE,11,89,66
India,Punjab,Amritsar,"Golden Temple, Amritsar - PPCB","07-01-2025 17:00:00",31.620000,74.876512,OZONE,39,61,53
India,Punjab,Bathinda,"Hardev Nagar, Bathinda - PPCB","07-01-2025 17:00:00",30.233011,74.907758,CO,24,116,61
India,Rajasthan,Bhilwara,"Pratap Nagar, Bhilwara - RSPCB","07-01-2025 17:00:00",25.339605,74.618883,OZONE,22,95,80
India,Rajasthan,Bhiwadi,"Vasundhara Nagar_UIT, Bhiwadi - RSPCB","07-01-2025 17:00:00",28.207266,76.829265,OZONE,17,58,49
India,Rajasthan,Alwar,"Moti Doongri, Alwar - RSPCB","07-01-2025 17:00:00",27.554793,76.611536,OZONE,7,41,16
India,Rajasthan,Bundi,"New Colony, Bundi - RSPCB","07-01-2025 17:00:00",25.435774,75.644272,OZONE,11,97,81
India,Rajasthan,Bharatpur,"Krishna Nagar, Bharatpur - RSPCB","07-01-2025 17:00:00",27.215415,77.50873,OZONE,21,79,63
India,Odisha,Tensa,"Barsua Iron Ore Mines, Tensa - OSPCB","07-01-2025 17:00:00",21.869985,85.167016,OZONE,11,34,28
India,Odisha,Keonjhar,"Jagamohanpur, Keonjhar - OSPCB","07-01-2025 17:00:00",21.643900,85.599355,OZONE,32,57,54
India,TamilNadu,Salem,"Sona College of Technology, Salem - TNPCB","07-01-2025 17:00:00",11.679111,78.125052,OZONE,15,17,16
India,TamilNadu,Dindigul,"Mendonsa Colony, Dindigul - TNPCB","07-01-2025 17:00:00",10.358535,77.984321,SO2,19,22,20
India,TamilNadu,Ariyalur,"Keelapalur, Ariyalur - TNPCB","07-01-2025 17:00:00",11.06825,79.07033,SO2,9,9,9
India,Telangana,Hyderabad,"Bollaram Industrial Area, Hyderabad - TSPCB","07-01-2025 17:00:00",17.540891,78.358528,OZONE,50,53,52
India,Rajasthan,Pratapgarh,"Pragati Nagar, Pratapgarh - RSPCB","07-01-2025 17:00:00",24.041198,74.780702,OZONE,56,78,68
India,Rajasthan,"Sawai Madhopur","Sahu Nagar, Sawai Madhopur - RSPCB","07-01-2025 17:00:00",26.031443,76.359327,OZONE,27,83,63
India,TamilNadu,Chennai,"Velachery Res. Area, Chennai - CPCB","07-01-2025 17:00:00",13.0052189,80.2398125,OZONE,4,8,7
India,Rajasthan,Jodhpur,"Collectorate, Jodhpur - RSPCB","07-01-2025 17:00:00",26.268249,73.0193853,OZONE,16,70,50
India,TamilNadu,Pudukottai,"SIPCOT Nathampannai, Pudukottai - TNPCB","07-01-2025 17:00:00",10.423417,78.784889,SO2,12,13,13
India,TamilNadu,Ramanathapuram,"Chalai Bazaar, Ramanathapuram - TNPCB","07-01-2025 17:00:00",9.36399,78.831977,OZONE,13,14,14
India,Rajasthan,Jalore,"Mudtra Sili, Jalore - RSPCB","07-01-2025 17:00:00",25.344694,72.626208,OZONE,31,108,87
India,Uttar_Pradesh,Moradabad,"Eco Herbal Park, Moradabad - UPPCB","07-01-2025 17:00:00",28.840739,78.697531,OZONE,3,42,29
India,Uttar_Pradesh,Moradabad,"Employment Office, Moradabad - UPPCB","07-01-2025 17:00:00",28.88528,78.73880,OZONE,11,12,11
India,Uttar_Pradesh,Moradabad,"Jigar Colony, Moradabad - UPPCB","07-01-2025 17:00:00",28.856664,78.772638,OZONE,16,36,22
India,Uttar_Pradesh,Moradabad,"Kashiram Nagar, Moradabad - UPPCB","07-01-2025 17:00:00",28.849399,78.742362,OZONE,8,9,8
India,Uttar_Pradesh,Varanasi,"Bhelupur, Varanasi - UPPCB","07-01-2025 17:00:00",25.301778,82.996789,OZONE,1,3,2
India,Uttar_Pradesh,Bareilly,"Rajendra Nagar, Bareilly - UPPCB","07-01-2025 17:00:00",28.38910936,79.42963708,CO,34,60,37
India,Uttar_Pradesh,Bulandshahr,"Yamunapuram, Bulandshahr - UPPCB","07-01-2025 17:00:00",28.406963,77.849831,OZONE,1,13,8
India,Telangana,Hyderabad,"Central University, Hyderabad - TSPCB","07-01-2025 17:00:00",17.460103,78.334361,OZONE,14,17,16
India,Telangana,Hyderabad,"ICRISAT Patancheru, Hyderabad - TSPCB","07-01-2025 17:00:00",17.518400,78.278777,OZONE,34,61,53
India,Telangana,Hyderabad,"IITH Kandi, Hyderabad - TSPCB","07-01-2025 17:00:00",17.585705,78.126199,OZONE,24,40,32
India,Telangana,Hyderabad,"Kompally Municipal Office, Hyderabad - TSPCB","07-01-2025 17:00:00",17.544899,78.486949,OZONE,25,35,27
India,Uttarakhand,Dehradun,"Doon University, Dehradun - UKPCB","07-01-2025 17:00:00",30.269444,78.044167,OZONE,6,28,18
India,Uttar_Pradesh,Gorakhpur,"Madan Mohan Malaviya University of Technology, Gorakhpur - UPPCB","07-01-2025 17:00:00",26.730136,83.433859,OZONE,18,35,24
India,Uttar_Pradesh,Agra,"Shahjahan Garden, Agra - UPPCB","07-01-2025 17:00:00",27.169338,78.03582,OZONE,1,13,4
India,Uttar_Pradesh,Agra,"Rohta, Agra - UPPCB","07-01-2025 17:00:00",27.106972,78.000111,OZONE,14,15,14
India,West_Bengal,Asansol,"Evelyn Lodge, Asansol - WBPCB","07-01-2025 17:00:00",23.6979360,86.9443950,OZONE,8,44,32
India,West_Bengal,Barrackpore,"SVSPA Campus, Barrackpore - WBPCB","07-01-2025 17:00:00",22.7605581,88.3617589,OZONE,3,102,55
India,West_Bengal,Kolkata,"Rabindra Bharati University, Kolkata - WBPCB","07-01-2025 17:00:00",22.627847,88.380669,OZONE,6,92,64
India,Bihar,Bhagalpur,"Mayaganj, Bhagalpur - BSPCB","07-01-2025 17:00:00",25.265194,87.012947,OZONE,4,28,22
India,Bihar,Buxar,"Charitra Van, Buxar - BSPCB (Formerly known as Central Jail)","07-01-2025 17:00:00",25.567520,83.966379,OZONE,16,34,23
India,Bihar,Patna,"Muradpur, Patna - BSPCB","07-01-2025 17:00:00",25.619651,85.147382,OZONE,13,17,14
India,Bihar,Patna,"Rajbansi Nagar, Patna - BSPCB","07-01-2025 17:00:00",25.599486,85.113666,OZONE,11,18,14
India,Bihar,Patna,"Samanpura, Patna - BSPCB","07-01-2025 17:00:00",25.596727,85.085624,OZONE,45,51,49
India,Bihar,Aurangabad,"Gurdeo Nagar, Aurangabad - BSPCB","07-01-2025 17:00:00",24.75746,84.366208,OZONE,2,45,22
India,Bihar,Bhagalpur,"DM Office_Kachari Chowk, Bhagalpur - BSPCB","07-01-2025 17:00:00",25.251013,86.989001,OZONE,18,19,19
India,Andhra_Pradesh,Tirupati,"Vaikuntapuram, Tirupati - APPCB","07-01-2025 17:00:00",13.615387,79.409230,OZONE,41,41,41
India,Andhra_Pradesh,Vijayawada,"HB Colony, Vijayawada - APPCB","07-01-2025 17:00:00",16.536107,80.594233,OZONE,7,75,47
India,Andhra_Pradesh,Vijayawada,"Rajiv Gandhi Park, Vijayawada - APPCB","07-01-2025 17:00:00",16.509717,80.612222,OZONE,1,29,20
India,Andhra_Pradesh,Vijayawada,"Rajiv Nagar, Vijayawada - APPCB","07-01-2025 17:00:00",16.554731,80.649110,OZONE,6,51,38
India,Bihar,Gaya,"Kareemganj, Gaya - BSPCB","07-01-2025 17:00:00",24.792403,84.992416,OZONE,13,66,30
India,Bihar,Gaya,"SFTI Kusdihra, Gaya - BSPCB","07-01-2025 17:00:00",24.762518,84.982348,OZONE,6,104,13
India,Andhra_Pradesh,Amaravati,"Secretariat, Amaravati - APPCB","07-01-2025 17:00:00",16.5150833,80.5181667,OZONE,4,67,53
India,Chandigarh,Chandigarh,"Sector 22, Chandigarh - CPCC","07-01-2025 17:00:00",30.735567,76.775714,OZONE,8,62,34
India,Chhattisgarh,Korba,"Urja Nagar, Korba - CECB","07-01-2025 17:00:00",22.348441,82.549611,OZONE,34,36,35
India,Bihar,Araria,"Kharahiya Basti, Araria - BSPCB","07-01-2025 17:00:00",26.146529,87.454184,OZONE,3,38,16
India,Delhi,Delhi,"NSIT Dwarka, Delhi - CPCB","07-01-2025 17:00:00",28.60909,77.0325413,OZONE,16,23,21
India,Delhi,Delhi,"Najafgarh, Delhi - DPCC","07-01-2025 17:00:00",28.570173,76.933762,OZONE,41,92,76
India,Delhi,Delhi,"Burari Crossing, Delhi - IMD","07-01-2025 17:00:00",28.7256504,77.2011573,OZONE,25,42,34
India,Delhi,Delhi,"CRRI Mathura Road, Delhi - IMD","07-01-2025 17:00:00",28.5512005,77.2735737,OZONE,7,45,26
India,Delhi,Delhi,"North Campus, DU, Delhi - IMD","07-01-2025 17:00:00",28.6573814,77.1585447,OZONE,24,36,28
India,Delhi,Delhi,"Okhla Phase-2, Delhi - DPCC","07-01-2025 17:00:00",28.530785,77.271255,OZONE,10,36,22
India,Chhattisgarh,Raipur,"Krishak Nagar, Raipur - CECB","07-01-2025 17:00:00",21.237755,81.705301,CO,35,57,49
India,Chhattisgarh,Tumidih,"OP Jindal Industrial Park, Tumidih - CECB","07-01-2025 17:00:00",22.06631475,83.33820077,OZONE,NA,NA,NA
India,Delhi,Delhi,"Jawaharlal Nehru Stadium, Delhi - DPCC","07-01-2025 17:00:00",28.580280,77.233829,OZONE,4,70,45
India,Delhi,Delhi,"Ashok Vihar, Delhi - DPCC","07-01-2025 17:00:00",28.695381,77.181665,OZONE,29,50,45
India,Delhi,Delhi,"R K Puram, Delhi - DPCC","07-01-2025 17:00:00",28.563262,77.186937,OZONE,12,19,17
India,Delhi,Delhi,"Sirifort, Delhi - CPCB","07-01-2025 17:00:00",28.5504249,77.2159377,OZONE,20,22,21
India,Delhi,Delhi,"Mandir Marg, Delhi - DPCC","07-01-2025 17:00:00",28.636429,77.201067,OZONE,18,46,39
India,Gujarat,Ankleshwar,"GIDC, Ankleshwar - GPCB","07-01-2025 17:00:00",21.613267,73.010555,OZONE,33,39,35
India,Gujarat,Nandesari,"GIDC, Nandesari - Nandesari Ind. Association","07-01-2025 17:00:00",22.410802,73.097923,NO2,NA,NA,NA
India,Karnataka,Madikeri,"Stuart Hill, Madikeri - KSPCB","07-01-2025 17:00:00",12.415911,75.735050,OZONE,4,6,6
India,Karnataka,Mysuru,"Hebbal 1st Stage, Mysuru - KSPCB","07-01-2025 17:00:00",12.21041,76.37376,OZONE,4,90,58
India,"Himachal Pradesh",Baddi,"HIMUDA Complex Phase-1, Baddi - HPPCB","07-01-2025 17:00:00",30.943887,76.801991,OZONE,7,66,35
India,Karnataka,Bengaluru,"Bapuji Nagar, Bengaluru - KSPCB","07-01-2025 17:00:00",12.951913,77.539784,OZONE,27,52,40
India,Gujarat,Ahmedabad,"Rakhial, Ahmedabad - IITM","07-01-2025 17:00:00",23.016834,72.625775,OZONE,18,105,85
India,Delhi,Delhi,"Wazirpur, Delhi - DPCC","07-01-2025 17:00:00",28.699793,77.165453,OZONE,29,54,44
India,Karnataka,Bengaluru,"Peenya, Bengaluru - CPCB","07-01-2025 17:00:00",13.0270199,77.494094,OZONE,32,32,32
India,Karnataka,Bagalkot,"Vidayagiri, Bagalkot - KSPCB","07-01-2025 17:00:00",16.172806,75.659694,OZONE,10,16,16
India,Karnataka,Kalaburagi,"Mahatma Basaveswar Colony, Kalaburgi - KSPCB","07-01-2025 17:00:00",17.336318,76.847397,OZONE,3,29,20
India,Kerala,Thrissur,"Corporation Ground, Thrissur - Kerala PCB","07-01-2025 17:00:00",10.532400,76.215900,OZONE,30,31,31
India,Karnataka,Udupi,"Brahmagiri, Udupi - KSPCB","07-01-2025 17:00:00",13.34194444,74.74694444,OZONE,20,23,22
India,Maharashtra,Mahad,"Kamble Tarf Birwadi, Mahad - MPCB","07-01-2025 17:00:00",18.1023399,73.4783687,OZONE,5,122,40
India,Maharashtra,Malegaon,"Mahesh Nagar, Malegaon - MPCB","07-01-2025 17:00:00",20.555712,74.529236,OZONE,3,71,45
India,Maharashtra,Mira-Bhayandar,"Bhayandar West, Mira-Bhayandar - MPCB","07-01-2025 17:00:00",19.296481,72.840923,OZONE,1,72,38
India,Maharashtra,Kalyan,"Khadakpada, Kalyan - MPCB","07-01-2025 17:00:00",19.25292,73.142019,OZONE,9,21,16
India,Maharashtra,Kolhapur,"Shivaji University, Kolhapur - MPCB","07-01-2025 17:00:00",16.6870449,74.2505872,OZONE,1,72,54
India,Maharashtra,Ahmednagar,"Tarakpur, Ahmednagar - MPCB","07-01-2025 17:00:00",19.10122,74.73339,OZONE,31,202,178
India,Maharashtra,Aurangabad,"Rachnakar Colony, Aurangabad - MPCB","07-01-2025 17:00:00",19.863756,75.321188,OZONE,13,94,75
India,Karnataka,Ramanagara,"Vijay Nagar, Ramanagara - KSPCB","07-01-2025 17:00:00",12.733409,77.298051,OZONE,14,152,152
India,Kerala,Thiruvananthapuram,"Plammoodu, Thiruvananthapuram - Kerala PCB","07-01-2025 17:00:00",8.5149093,76.9435879,OZONE,10,41,26
India,Maharashtra,Solapur,"Dnyaneshwar Nagar, Solapur - MPCB","07-01-2025 17:00:00",17.6336264,75.9132495,OZONE,7,110,76
India,Maharashtra,Pune,"Katraj Dairy, Pune - MPCB","07-01-2025 17:00:00",18.454450,73.854155,OZONE,1,62,45
India,Maharashtra,Pune,"Revenue Colony-Shivajinagar, Pune - IITM","07-01-2025 17:00:00",18.530085,73.849598,OZONE,2,54,33
India,Maharashtra,Mumbai,"Khindipada-Bhandup West, Mumbai - IITM","07-01-2025 17:00:00",19.1653323,72.922099,OZONE,16,93,66
India,Maharashtra,Pimpri-Chinchwad,"Park Street Wakad, Pimpri Chinchwad - MPCB","07-01-2025 17:00:00",18.59051,73.77946,OZONE,1,63,49
India,Maharashtra,"Navi Mumbai","Tondare-Taloja, Navi Mumbai - MPCB","07-01-2025 17:00:00",19.0630,73.1209,OZONE,3,82,55
India,Maharashtra,Nashik,"Gangapur Road, Nashik - MPCB","07-01-2025 17:00:00",20.0073285,73.7762427,OZONE,7,15,13
India,Maharashtra,Mumbai,"Navy Nagar-Colaba, Mumbai - IITM","07-01-2025 17:00:00",18.897756,72.813320,OZONE,74,94,86
India,Maharashtra,Pune,"Alandi, Pune - IITM","07-01-2025 17:00:00",18.675076,73.892743,OZONE,6,111,72
India,Maharashtra,Sangli,"Vijay Nagar, Sangli - MPCB","07-01-2025 17:00:00"," 16.5038",74.3623,OZONE,4,97,62
India,Punjab,Patiala,"Model Town, Patiala - PPCB","07-01-2025 17:00:00",30.349388,76.366642,OZONE,7,14,11
India,Odisha,Balasore,"Kalidaspur, Balasore - OSPCB","07-01-2025 17:00:00",21.51161,86.89088,OZONE,2,149,112
India,Rajasthan,Dausa,"Khatikan Mohalla, Dausa - RSPCB","07-01-2025 17:00:00",26.895552,76.334753,OZONE,2,83,51
India,Rajasthan,Dholpur,"Raja Ganj, Dholpur - RSPCB","07-01-2025 17:00:00",26.699557,77.898881,OZONE,26,61,53
India,Rajasthan,Dungarpur,"Bhoiwada, Dungarpur - RSPCB","07-01-2025 17:00:00",23.837789,73.714926,OZONE,15,136,116
India,Rajasthan,Jaipur,"RIICO Sitapura, Jaipur - RSPCB","07-01-2025 17:00:00",26.786682,75.827928,OZONE,10,198,161
India,Rajasthan,Nagaur,"Karni Colony, Nagaur - RSPCB","07-01-2025 17:00:00",27.213494,73.734444,OZONE,46,111,78
India,Rajasthan,Karauli,"Satyawati Vihar, Karauli - RSPCB","07-01-2025 17:00:00",26.506177,77.025989,OZONE,4,83,62
India,Rajasthan,Jodhpur,"Jhalamand, Jodhpur - RSPCB","07-01-2025 17:00:00",26.215415,73.070156,OZONE,26,152,152
India,Rajasthan,Jaipur,"Police Commissionerate, Jaipur - RSPCB","07-01-2025 17:00:00",26.9164092,75.7994901,OZONE,11,34,20
India,Punjab,Ludhiana,"Punjab Agricultural University, Ludhiana - PPCB","07-01-2025 17:00:00",30.9028,75.8086,OZONE,9,21,14
India,TamilNadu,Thoothukudi,"Meelavittan, Thoothukudi - TNPCB","07-01-2025 17:00:00","8.816428 ",78.099039,OZONE,20,24,21
India,Telangana,Hyderabad,"New Malakpet, Hyderabad - TSPCB","07-01-2025 17:00:00",17.37206,78.50864,OZONE,16,43,33
India,Telangana,Hyderabad,"Ramachandrapuram, Hyderabad - TSPCB","07-01-2025 17:00:00",17.528544,78.286195,OZONE,21,48,21
India,TamilNadu,Tirupur,"Kumaran College, Tirupur - TNPCB","07-01-2025 17:00:00",11.0973603,77.3228673,OZONE,6,7,7
India,TamilNadu,Coimbatore,"SIDCO Kurichi, Coimbatore - TNPCB","07-01-2025 17:00:00",10.942451,76.978996,OZONE,1,98,58
India,Uttar_Pradesh,Baghpat,"Sardar Patel Inter College, Baghpat - UPPCB","07-01-2025 17:00:00",28.964949,77.278761,OZONE,12,46,36
India,Rajasthan,Rajsamand,"Dhoinda, Rajsamand - RSPCB","07-01-2025 17:00:00",25.036360,73.883502,OZONE,22,78,64
India,TamilNadu,Chennai,"Alandur Bus Depot, Chennai - CPCB","07-01-2025 17:00:00",12.9099161,80.1076538,OZONE,5,45,25
India,TamilNadu,Chennai,"Kodungaiyur, Chennai - TNPCB","07-01-2025 17:00:00",13.1278,80.2642,OZONE,7,43,30
India,TamilNadu,Kanchipuram,"Kilambi, Kanchipuram - TNPCB","07-01-2025 17:00:00",12.864618,79.659968,OZONE,8,9,8
India,Uttar_Pradesh,Meerut,"Ganga Nagar, Meerut - UPPCB","07-01-2025 17:00:00",28.999264,77.7590354,OZONE,10,32,21
India,Uttar_Pradesh,Meerut,"Jai Bhim Nagar, Meerut - UPPCB","07-01-2025 17:00:00",28.9535882,77.7622941,OZONE,16,50,38
India,Uttar_Pradesh,Noida,"Sector - 62, Noida - IMD","07-01-2025 17:00:00",28.6245479,77.3577104,OZONE,4,33,22
India,West_Bengal,Howrah,"Belur Math, Howrah - WBPCB","07-01-2025 17:00:00",22.629801,88.352017,OZONE,10,57,37
India,Uttar_Pradesh,Hapur,"Anand Vihar, Hapur - UPPCB","07-01-2025 17:00:00",28.725645,77.749675,OZONE,11,41,22
India,West_Bengal,Durgapur,"PCBL Residential Complex, Durgapur - WBPCB","07-01-2025 17:00:00",23.5087640,87.3544400,OZONE,7,76,58
India,West_Bengal,Asansol,"Asansol Court Area, Asansol - WBPCB","07-01-2025 17:00:00",23.685297,86.945968,OZONE,14,71,54
India,Uttar_Pradesh,Prayagraj,"Nagar Nigam, Prayagraj - UPPCB","07-01-2025 17:00:00","25.44919916 ","81.82735986 ",OZONE,10,15,11
India,Uttar_Pradesh,Vrindavan,"Omex Eternity, Vrindavan - UPPCB","07-01-2025 17:00:00",27.5714090,77.6557570,OZONE,12,13,13
India,Uttar_Pradesh,Muzaffarnagar,"New Mandi, Muzaffarnagar - UPPCB","07-01-2025 17:00:00",29.4723508,77.7194031,OZONE,7,26,19
India,West_Bengal,Howrah,"Ghusuri, Howrah - WBPCB","07-01-2025 17:00:00",22.611968,88.347422,OZONE,2,13,9
India,West_Bengal,Howrah,"Padmapukur, Howrah - WBPCB","07-01-2025 17:00:00",22.5687319,88.2797276,OZONE,11,60,41
India,West_Bengal,Kolkata,"Ballygunge, Kolkata - WBPCB","07-01-2025 17:00:00",22.5367507,88.3638022,OZONE,6,82,57
India,West_Bengal,Kolkata,"Victoria, Kolkata - WBPCB","07-01-2025 17:00:00",22.5448082,88.3403691,OZONE,6,59,40
